print_issn;journal_name;instances;id;altmetric_score;news;blog;policy;patent;twitter;peer_review;weibo;facebook;wikipedia;google;linkedIn;reddit;pinterest;f1000;qa;videos;syllabi;mendeley;dimensions_citations
0001-4273;Academy of Management Journal;473;3787787;8142;815;150;22;0;1677;21;0;84;16;25;0;5;0;0;0;10;0;95507;24724
0001-8392;Administrative Science Quarterly;245;1404409;7088;439;172;4;0;4286;0;25;232;10;25;0;10;0;0;0;1;0;24197;5297
0002-8282;American Economic Review;1332;8397230;24777;927;830;1242;4;13143;4;31;149;146;56;0;73;0;1;9;9;0;111551;47696
0012-9682;Econometrica;499;4338123;2125;23;52;273;0;1400;0;22;17;28;5;0;1;0;0;1;0;0;23461;11790
0013-0133;Economic Journal;625;4073275;10664;472;315;209;0;7037;0;3;102;66;9;0;32;0;0;2;5;0;26303;11160
0014-2921;European Economic Review;442;31405968;2589;84;42;86;0;1955;0;1;28;22;0;0;15;0;0;0;3;0;16453;5673
0021-8456;Journal of Accounting Research;130;1268375;856;72;6;16;0;228;1;1;19;4;1;0;0;0;0;0;0;0;14854;4179
0022-0531;Journal of Economic Theory;309;11324841;515;9;11;28;0;351;0;0;13;10;3;0;2;0;0;0;0;0;8253;3041
0022-1082;Journal of Finance;502;4238688;3604;382;56;135;0;2067;0;11;33;12;3;0;5;0;0;1;0;0;65888;23006
0022-2429;Journal of Marketing;225;1879173;2804;282;40;4;2;580;0;0;30;19;10;0;0;0;0;0;1;0;38301;11187
0022-2437;Journal of Marketing Research (JMR);343;7797326;6027;615;114;13;10;1005;0;3;56;27;18;0;0;0;0;0;11;0;35665;10477
0022-3808;Journal of Political Economy;262;1868117;4194;150;118;146;0;2520;1;6;71;19;8;0;0;0;0;0;1;0;17127;7420
0025-1909;Management Science;960;9509055;8611;611;129;89;3;3591;0;3;126;42;55;0;5;0;0;0;5;0;61280;23494
0143-2095;Strategic Management Journal;764;6763162;4915;299;65;31;0;3049;3;0;188;16;5;0;1;0;0;0;41;0;82931;24792
0148-2963;Journal of Business Research;959;88303366;2920;145;37;26;0;1858;5;4;105;39;26;0;17;4;0;0;1;0;115174;22942
0162-1459;Journal of the American Statistical Association;653;15911619;2886;83;64;56;8;2706;0;0;27;11;14;0;12;0;0;3;0;0;19723;9745
0165-4101;Journal of Accounting & Economics;179;2111710;436;29;13;10;0;93;1;5;28;0;1;0;0;0;0;0;0;0;28699;7010
0167-6296;Journal of Health Economics;591;19070434;9692;555;308;185;5;4551;2;1;358;14;26;0;21;0;6;0;5;0;33237;10238
0304-3932;Journal of Monetary Economics;266;6222044;936;18;43;78;0;298;2;0;8;7;6;0;2;0;0;0;0;0;12233;5669
0304-405X;Journal of Financial Economics;701;7533805;2843;144;67;152;1;1044;5;10;41;15;11;0;6;0;0;0;1;0;102196;33467
0304-4076;Journal of Econometrics;718;7649551;1549;15;27;184;5;1316;0;1;9;13;1;0;0;0;0;2;0;0;20853;10367
0363-7425;Academy of Management Review;218;2144761;1295;100;19;10;0;461;0;0;34;10;10;1;0;0;0;0;3;0;39421;9005
0734-306X;Journal of Labor Economics;203;1351545;3091;179;54;109;0;1437;0;0;27;11;2;0;5;0;0;0;2;0;11290;4078
0899-8256;Games & Economic Behavior;473;39286069;813;29;12;8;0;519;0;1;14;22;11;0;1;0;0;1;0;0;8760;2931
1047-7047;Information Systems Research;285;10433187;1583;140;25;10;1;474;0;0;49;7;16;0;1;0;0;0;0;0;31096;7532
1467-937X;Review of Economic Studies;273;2159429;3135;80;82;151;0;2205;0;8;19;16;7;0;7;0;0;0;2;0;20123;7960
1467-937X;The Review of Economic Studies;1;8391;2;0;0;0;0;2;0;0;0;0;0;0;0;0;0;0;0;0;94;41
1531-4650;Quarterly Journal of Economics;345;1695980;16493;711;382;505;0;12147;0;16;107;63;46;0;47;0;0;1;2;0;44183;17387
1531-4650;The Quarterly Journal of Economics;3;31202;3;0;0;0;0;3;0;0;0;0;0;0;0;0;0;0;0;0;129;216
1537-5277;Journal of Consumer Research;534;2918318;18690;1818;350;14;1;3985;1;10;209;35;74;0;18;3;0;1;19;0;62280;14961
1542-4766;Journal of the European Economic Association;293;6481608;2785;80;44;108;0;2209;0;4;16;26;0;0;6;0;0;1;1;0;17084;8146
1941-6520;The Academy of Management Annals;119;956211;679;32;9;9;0;448;0;0;25;5;4;0;0;0;0;0;2;0;19298;6968
